Process Time [h],Biomass [AU],O2 [%],OUR [%/h],pH [dimensionless]
0.0,1831.4541015625,80.6674298055325,,6.22248272281962
0.033411111111111114,1606.8798828125,82.7806404437723,256.573774304014,6.32718538960695
0.06683805555555555,1429.1005859375,84.3380283567326,218.636777243429,6.40652744127551
0.10027222222222222,1376.833984375,85.4081451307975,188.723285520445,6.46712094089223
0.13369083333333331,1377.650390625,86.251706835172,171.16507799625,6.51275228330738
0.16711583333333332,1363.5546875,86.8750543691647,156.072841321194,6.54891193480496
0.20051944444444444,1426.22119140625,87.0636659429161,136.907825348054,6.57602820616354
0.23396222222222224,1571.77685546875,87.2208134369575,134.06737416228,6.59843861292063
0.2673888888888889,1513.34814453125,87.2420381960132,128.424728927929,6.62079755132781
0.30080388888888887,1516.34912109375,87.2216403058004,126.967679718478,6.63320152966815
0.3342463888888889,1482.3193359375,87.3286894645291,130.987411892253,6.646735528327
0.36768333333333336,1484.4140625,87.2996467512563,125.846972564524,6.65831963472808
0.4011075,1551.16455078125,87.1118483350925,121.369568936481,6.66657148113431
0.43453611111111107,1651.68359375,87.0014925852881,125.579899138113,6.67590972218026
0.4679825,1738.92724609375,86.6892421779894,120.669666287995,6.68161011083641
0.5014,1698.75,86.6230883267026,131.123611384097,6.68826694174462
0.5348333333333334,1793.66259765625,86.3643751926529,126.030982569064,6.69378177224615
0.5682741666666666,1802.9541015625,86.0517299420061,127.02352892038,6.69809688133216
0.6016991666666667,1892.73974609375,85.7765784776336,131.236056178159,6.70433391297381
0.6351150000000001,1966.3896484375,85.3132072317378,128.367596056549,6.7089558094241
0.6685186111111111,1868.38720703125,84.7713063104784,130.689994767757,6.71011106279189
0.7019305555555555,2045.05908203125,84.4820437903358,143.609076195165,6.71472111122452
0.7353511111111112,2062.0234375,84.0410117561055,141.977604801767,6.71841593698271
0.7687944444444444,2030.58935546875,83.6228613302317,147.121828404032,6.72243566343698
0.8022194444444444,2252.0625,82.8844366708442,141.618636485805,6.72321182090443
0.8356352777777777,2282.3359375,82.4493335474221,158.133707102609,6.72198662670003
0.8690427777777778,2466.96142578125,81.8004445823368,156.1550280061,6.72678455027961
0.9024472222222222,2505.06396484375,80.9984762487332,157.9364828161,6.72420359958176
0.9358630555555556,2606.47802734375,80.1810560891289,165.514372383002,6.72096240641465
0.9692713888888889,2616.826171875,79.2349330286282,169.869211319354,6.71994489486351
1.0027011111111113,2835.33447265625,78.4304106847658,183.63993784052,6.71945819627351
1.0361352777777777,2775.59521484375,77.5680313214892,189.842969539519,6.71972080185254
1.0695555555555556,2945.11474609375,76.3917709865391,189.123853128803,6.71429814843648
1.1029733333333334,3061.888671875,75.3895816417883,206.16635321657,6.71093073033042
1.1363927777777778,3144.76318359375,74.1850637519013,209.972521042803,6.70659760293629
1.1698213888888889,3299.39697265625,73.070101412657,224.796266192154,6.7020985696271
1.2032427777777777,3390.994140625,71.8795617395896,233.772941698044,6.69957678100075
1.2366769444444445,3572.3095703125,70.6934573510706,245.632034913241,6.69403105008824
1.2700888888888888,3672.451171875,69.6358487506475,261.411720919402,6.68750096386921
1.3035019444444444,3719.63232421875,70.2801183970944,322.860569549648,6.68432704995622
1.3369177777777779,4000.74462890625,73.0248774485581,379.541484576012,6.68170330706255
1.3703472222222222,4134.87109375,73.0577440700505,270.735162613362,6.68281904605899
1.4037833333333334,4285.626953125,71.9743194590812,237.121422513038,6.67653320443665
1.4372019444444444,4473.69482421875,69.6676259858728,211.055926648991,6.67780588434431
1.470622222222222,4582.169921875,66.6650266533551,213.425069806124,6.66953794335325
1.5040427777777778,4694.62939453125,63.7574639482338,246.672377432251,6.66330790458422
1.5374722222222221,5005.7919921875,63.1956790910081,345.571727232222,6.65693843704891
1.5709019444444445,5206.66650390625,62.6776596626601,352.534486596458,6.65121242252658
1.6043177777777777,5315.9912109375,59.9915683277922,293.143752986896,6.64278964830338
1.6377361111111113,5608.34130859375,60.5218988984249,415.994212707412,6.63886204853679
1.6711511111111113,5758.62109375,59.6248258120666,367.901006714951,6.63498460951958
1.7045686111111111,5982.67431640625,56.7432245069398,317.520546802743,6.62723562990355
1.7379852777777778,6176.7490234375,54.1943548203206,356.453577280963,6.62283840213765
1.7714055555555557,6485.15478515625,52.063523667138,394.16344549496,6.61448361188974
1.8048130555555557,6686.05029296875,50.0609225677947,419.419792099219,6.60838313979267
1.838226111111111,6874.16015625,47.8254685379165,432.701064842832,6.60746219894799
1.8716769444444445,7155.5458984375,45.1892411381615,442.682369703436,6.60864837023135
1.9051019444444446,7390.66650390625,42.2877970534724,461.30236643644,6.60684594731093
1.9385380555555556,7615.79443359375,39.1619874277299,483.841360847706,6.60506839848238
1.971965,7847.5927734375,35.8691205616549,509.653830884466,6.59944685304069
2.0053916666666667,8157.36181640625,33.6720849427414,575.58203220168,6.60568591559273
2.0388027777777777,8189.61669921875,36.010755953356,733.095593682935,6.61862647134912
2.0722055555555556,8270.24609375,38.2777923144803,707.903125049681,6.64056097530179
2.105665,8181.8046875,38.3945906133194,620.714577447085,6.6627727131355
2.1390861111111112,8293.7412109375,39.3305923731021,643.993103855785,6.68309731007155
2.1725,8387.71875,40.5722514595314,643.943786468592,6.70410225005032
2.205903888888889,8352.2578125,43.782060420743,690.369704415271,6.72413233401594
2.2393233333333336,8540.9609375,46.4534406830889,641.824543838294,6.73581519079105
2.2727380555555556,8959.0556640625,44.672459568853,482.036047718088,6.75050628771245
2.306163888888889,9189.42578125,40.229859677164,420.207845698913,6.76248583730107
2.3395880555555557,9497.1591796875,36.5300204261295,487.450785694617,6.77650384312529
2.3729872222222226,9797.41015625,35.9908133971235,618.523666315335,6.79291085344041
2.4064019444444447,9951.109375,36.6976674673423,661.289563888262,6.80656955142735
2.4398166666666667,10339.984375,35.680848738194,602.59386442666,6.82042162476768
2.473233333333333,10584.29296875,32.9333054769012,561.215236594397,6.83402871989425
2.506651111111111,10802.140625,29.5457454754438,569.040180841323,6.84699134691751
2.5400722222222223,10925.7646484375,26.175238252443,603.645793481602,6.86042529485323
2.573492777777778,11319.974609375,23.0732869450262,645.759551426912,6.8699329796875
2.6068916666666664,11558.724609375,20.836995945184,702.178537247481,6.88394647965764
2.6403111111111115,11562.7099609375,18.7692739009782,729.66081440507,6.89663449761103
2.6737205555555557,11898.248046875,17.2168291942982,765.839690937857,6.90716607328441
2.7071583333333336,12349.2841796875,15.7574222369667,784.269307333592,6.92105810097098
2.740579722222222,12541.1279296875,14.363156789195,800.628093797774,6.93137903938695
2.773999166666667,12925.08984375,13.1774063693427,820.887675616793,6.9454257088409
2.807412222222222,13281.33984375,11.8846374445049,829.636800002448,6.95793920965493
2.840834444444445,13498.18359375,11.2744375972405,862.848218030435,6.96838931944923
2.8742427777777775,13574.6123046875,13.333130310663,948.877556427308,6.98046371459309
2.9076694444444446,14106.9296875,14.7107119822113,907.747707482557,6.99803725162492
2.9411205555555555,14420.513671875,14.2089804965855,837.845038566147,7.01047019630832
2.97455,14752.3466796875,12.5634486343978,808.68673182409,7.02082949238783
3.007976111111111,14985.302734375,10.5902562858872,815.474071109966,7.03524793383333
3.0413927777777774,15305.9736328125,8.44888469696951,829.863565672445,7.04393015428755
3.0748,15492.2734375,7.56310698353881,888.996272378133,7.05730198116728
3.108215833333333,15605.921875,7.07695861991897,909.871654035217,7.06887631481167
3.141642777777778,16028.244140625,6.51496550474078,912.370536256825,7.08291434595075
3.1750483333333337,16244.111328125,6.25301679100668,927.003278337932,7.09611873560653
3.2084888888888887,16354.4052734375,6.20857015842441,936.145545938211,7.10776268408063
3.2419094444444445,16819.880859375,6.06284284248904,933.542493772685,7.12231842370623
3.2753316666666663,16834.578125,5.83382335021694,932.512082025577,7.1347146251421
3.308759444444444,17204.53515625,5.77154684535394,939.805930006059,7.14442655080353
3.3421916666666664,17338.89453125,5.72275287649335,940.820710977787,7.15998580009886
3.3756102777777777,17641.115234375,5.64670880281376,940.494915113665,7.17242535288893
3.409022222222222,17677.95703125,5.54944444169406,940.621777262307,7.18376549682906
3.4424444444444444,17974.18359375,5.64788556437596,947.445995687962,7.19721318707145
3.475853888888889,18024.94921875,5.50324052423393,939.184441272983,7.20772761384981
3.509288888888889,18456.8515625,5.35819675925558,940.629542741677,7.21715413406633
3.5427055555555556,18602.115234375,5.63280980036799,954.618173420218,7.22890522709953
3.576129722222222,18628.0625,5.70046933709019,945.700547483608,7.24385350135556
3.6095555555555556,18953.154296875,5.57881507378479,939.355784236909,7.24984479035541
3.6429816666666666,19325.107421875,5.46551794294827,940.829831334951,7.26099168467193
3.6764324999999998,19272.40625,5.60418867020888,949.499571638574,7.2683605872561
3.7098527777777774,19441.462890625,5.60866438772614,944.092035597374,7.28162735692718
3.7432602777777775,19787.134765625,5.53310732301301,941.656644797582,7.28570526524387
3.7766955555555555,19838.73046875,5.45508691743357,942.330343008191,7.29810546791213
3.810115833333333,20050.36328125,5.55920416809854,948.564569095127,7.30422390823377
3.8435444444444444,20350.857421875,5.50411941448918,942.763431784024,7.31532737170471
3.8769825,20283.486328125,5.3924637548104,941.612960109917,7.32010114004384
3.910403888888889,20662.103515625,5.43142119330403,947.241022563745,7.33291259118958
3.9438455555555554,20752.826171875,5.37963356881571,944.139216954923,7.33887774373322
3.9772797222222223,21033.390625,5.42051626367648,947.428046368878,7.34689418306754
4.010709444444444,21114.13671875,5.4957643151101,948.037441057162,7.35620113357184
4.044142777777778,21393.630859375,5.3081901806417,939.415117157053,7.3663060880197
4.077572222222222,21104.17578125,5.35311402447805,948.262898390889,7.37337175282142
4.1110066666666665,21338.0859375,5.44732233962457,949.277790340795,7.38108247669608
4.144435277777778,21662.8671875,5.39079504045835,943.830962206053,7.3859582118173
4.177869444444444,21629.90625,5.48720122949477,948.976309351944,7.39317464212355
4.2112944444444445,21975.11328125,5.44773291322196,943.950518500574,7.40266209468945
4.244724166666667,22038.03515625,5.36374312294777,943.003102980476,7.40580432712315
4.278145555555556,22282.5625,5.36534673151183,946.410550656631,7.41419705128242
4.311551944444444,22088.119140625,5.33328297108966,945.39002163684,7.42184106224495
4.344961111111111,22751.052734375,5.34598016941515,947.048085765898,7.43178851008181
4.37839,22390.830078125,5.38404339592377,947.680152688187,7.43562808782811
4.411815833333334,22615.64453125,5.36735385862415,945.662175476632,7.44634539028243
4.445252777777778,22740.572265625,5.3834055147674,946.808011994543,7.45246716779253
4.478669444444444,22747.6953125,5.34765794768603,945.095406751729,7.45978712326647
4.5121344444444444,22734.408203125,5.44527768500393,949.432899075482,7.46690729495998
4.5455805555555555,22735.2421875,5.48520299470646,946.744077151641,7.47219006655077
4.579002777777777,23320.888671875,5.53352652920239,946.593845604418,7.48274498210871
4.612418611111111,23143.291015625,5.62658582673186,947.442805081234,7.49016178709853
4.645826944444444,23598.3125,5.66043938082002,944.749754320357,7.49346920640737
4.679234444444444,23638.16015625,5.63472540032995,942.625742009885,7.50060002328468
4.712658333333334,23484.078125,5.66081742213426,944.430596891632,7.50991193393463
4.746088055555556,23712.556640625,5.72490951625372,945.314578190537,7.51741650732722
4.779504722222223,23740.853515625,5.69374788858042,941.817742350079,7.52371645318527
4.812922222222222,23864.6171875,5.70512922758229,943.401748529546,7.52952285081384
4.846329722222222,24066.24609375,5.90834383412486,949.045121301104,7.54002030167979
4.879763055555556,24306.578125,6.03888633464476,944.828090672773,7.5448670886021
4.913201944444444,24253.375,6.01258262073388,938.827603370294,7.55537383500964
4.946623333333334,24388.224609375,6.30468269759144,948.637223404251,7.56349498501707
4.980051944444445,24507.3515625,6.43785174060855,940.942029257757,7.56944647001541
5.013472222222222,24716.583984375,6.55255204571901,939.039320234969,7.5795949428416
5.046906666666667,24999.23046875,6.77405623585896,941.119621976154,7.58689620219296
5.0803575,24696.5625,7.02746815340441,939.843672543672,7.59199013120861
5.113790833333334,24620.908203125,7.31645133686533,938.343569083153,7.60239471911317
5.147202777777778,24956.771484375,7.65278929761552,936.925653470882,7.60881775428969
5.180613055555555,25035.54296875,7.49899162590203,918.866121901226,7.61949965333493
5.214036111111111,24941.638671875,7.97134955963214,939.087789422589,7.62400358231596
5.247449166666667,25009.12109375,8.08507703732423,923.698310137257,7.63620655989404
5.280888055555556,24876.416015625,8.51621443105308,932.062114499254,7.64433639634208
5.3143102777777775,25175.337890625,9.07858959226571,931.597145870042,7.65343858724977
5.3477194444444445,25261.666015625,10.2881657737644,945.501330041493,7.65816247291638
5.381149166666666,25354.8125,11.771167223104,941.558051254287,7.66824377451662
5.414578888888889,25700.462890625,13.221306838814,925.666475933834,7.67616406438305
5.448011111111112,25570.34375,14.7560759505827,913.633000205616,7.68273208559762
5.4814380555555555,25484.44140625,16.1390225107012,893.866819092168,7.69221607429955
5.514869444444444,25566.3046875,17.4578852338646,877.905725466397,7.69884778488594
5.548318611111111,25528.1953125,18.6600385736135,861.485909994981,7.70944022186289
5.581740833333333,25496.234375,20.0139553817498,853.927621623822,7.71584777329467
5.615151111111111,25751.87890625,21.3572079304735,839.912518427502,7.7259837206713
5.648563888888889,25641.642578125,22.620289270162,824.320576116203,7.73659490954519
5.6819927777777774,25703.7265625,24.1528217541015,819.70626769044,7.74380574963814
5.715418611111112,25831.142578125,25.7697219381356,806.647441378311,7.75078947097875
5.748848333333333,25733.77734375,27.5131113294766,794.604431370143,7.75607371847061
5.782273333333333,25691.310546875,29.41645146759,781.882254311059,7.76141352330486
5.815706666666667,25759.865234375,31.5567718048694,769.610483392606,7.77442007702235
5.8491075,26004.02734375,33.6913481446816,748.469820131039,7.78130336451697
5.882522222222223,26156.50390625,36.1605584688741,737.114437955364,7.79333341777662
5.915931666666666,25942.849609375,38.5454175823885,709.77759656787,7.7979444094197
5.949348333333333,26211.61328125,40.957473194856,686.518605201226,7.80626370122133
5.982748333333333,26200.416015625,43.4750976123046,665.953881302629,7.81243204863908
6.016168611111111,26239.02734375,45.9954945034363,640.731337668241,7.82491525916759
6.049575,26300.091796875,48.5047930908894,615.159584755274,7.83370250032931
6.082973333333333,26207.34375,51.254300513716,597.073935638917,7.84329600808152
6.116376944444444,25942.748046875,54.4219824463059,582.487081906431,7.85132212824291
6.149776944444445,25966.072265625,58.6504227464138,582.425245899939,7.86103043608629
6.183188055555555,26402.666015625,63.9033831863985,570.720055078375,7.87022967097109
6.216609444444445,26344.447265625,67.7574938823266,476.0868793755,7.87888492773104
6.250025,26350.1484375,70.5816845957768,407.086524177066,7.89338151700631
6.283437222222222,26477.91796875,72.6780453297833,356.925655716452,7.90063211535319
6.316865,26511.236328125,74.0846256567845,315.198190303284,7.90958909842439
6.350258333333334,26286.37890625,75.1924147897061,292.387443702119,7.91674480692602
6.383656666666667,26205.451171875,75.8975897220326,269.202058897353,7.92466643079583
6.417060277777778,26263.736328125,76.5044041963865,259.190298938582,7.93546327145126
6.450456666666667,25957.4921875,76.830534220216,244.692559905111,7.94351844095862
6.4838825,26205.2265625,77.0942949198352,239.607477586305,7.94527093488631
6.517298333333334,26078.224609375,77.3031089347444,235.307257611948,7.95222820121776
6.550725,26145.244140625,77.7060052528313,238.98305280237,7.96482544658121
6.584151111111111,26218.59375,77.8748976475249,228.006717429347,7.96933562051846
6.6176,26057.9921875,77.9658117898536,223.970325764554,7.97222844904158
6.651005555555555,26178.5234375,78.2239626578863,228.04519660387,7.97966359160415
6.684413888888889,25682.30859375,78.4026982606427,223.122469449285,7.98315507925418
6.717813055555555,26026.046875,78.5689199167567,220.954373543406,7.99427270554596
6.7512333333333325,26054.41796875,78.62661722447,216.037199233536,7.99541678884179
6.784654722222222,26002.37890625,78.9093857458491,222.177541726821,8.00115795020137
6.8180797222222225,26021.279296875,78.9725561722515,212.799897438725,8.00884439906202
6.8514936111111115,25884.02734375,79.2174546738022,217.603685490168,8.01283665984729
6.884921388888889,25907.974609375,79.2443948682951,208.629483713697,8.01643205811811
6.918340833333333,26007.115234375,79.419404978249,212.805229253157,8.0252231022282
6.9517575,26252.841796875,79.5074830513283,208.441699644991,8.02932717524466
6.985153888888889,25843.37109375,79.6561279214569,209.35958266642,8.03520275014379
7.0185797222222215,25823.744140625,79.7852726406425,207.31306526353,8.03886678043157
7.051991666666666,25799.376953125,79.8801525487901,204.989680517934,8.04104796482265
7.085411111111111,26127.25,79.9671214762481,203.800781131211,8.04703916061422
7.118828888888888,25979.880859375,80.085400117127,203.861830221317,8.05156084284892
7.152255555555556,25856.216796875,80.0934942295994,199.388578056004,8.0532592758119
7.185676111111111,25656.61328125,80.1047813600366,199.40279192081,8.05885860773225
7.219099166666667,25763.166015625,80.2116403583671,202.142901497464,8.05959212928706
7.252516666666667,25946.28515625,80.3555598723428,202.19897553689,8.06643075091542
7.285954722222223,25853.501953125,80.4309218334065,198.698241029806,8.06893143846595
7.319387222222223,26069.39453125,80.4691761577107,196.833030183291,8.07608216347267
7.3528,25819.796875,80.5869426788633,198.838940645706,8.0756032408781
7.386235277777778,25685.42578125,80.6729835274869,196.703932757009,8.08226558454779
7.419660277777777,25379.8359375,80.6517921770724,192.637349922774,8.0825382977222
7.453075,25679.173828125,80.7633249492853,196.826146894059,8.08787056994298
7.486501111111111,25254.369140625,80.8373697982907,194.581937813822,8.08875542514822
7.519920555555555,25679.6015625,80.9061216369788,193.678642519997,8.09395504486056
7.553333333333334,25551.24609375,80.9752315311457,193.012076540152,8.10015738373064
7.586740833333334,25682.55078125,81.0853348023847,193.543454678395,8.10308537198605
7.620170555555556,25412.94921875,81.0299430038452,187.494991255317,8.10433444079202
7.653627777777778,25300.2265625,81.0381309577936,189.946089225518,8.10725080861396
7.687042777777777,25786.861328125,81.2311160923388,195.394059958325,8.11287215488589
7.720472222222223,25465.8671875,81.2291772626903,187.630986119359,8.11420694646279
7.753890833333334,25518.099609375,81.2513160722837,188.372358687888,8.11433020156669
7.787323333333334,25351.671875,81.3526871658548,190.518906612294,8.12269144702961
7.820738888888889,25273.470703125,81.4046212040881,188.022941729696,8.121390233949
7.854181666666666,25461.640625,81.2578663975811,181.55309572762,8.12497350556626
7.8876333333333335,25675.361328125,81.5189976005451,195.227489414722,8.12775994497894
7.921076944444445,25444.58984375,81.5124852599569,184.615496560688,8.12959817009059
7.954490833333334,25488.5078125,81.5677391142881,186.530450358327,8.13565362067059
7.9879,25366.419921875,81.5774997271271,184.614763726443,8.13322367285016
8.02136861111111,25491.546875,81.5789446278274,184.268148666046,8.13914615099583
8.054806666666666,25662.376953125,81.786573955845,190.423800923562,8.1432880509538
8.088226944444443,25542.875,81.8046069655791,182.672121121731,8.14585991971925
8.121647222222222,25289.154296875,81.7875842768552,181.443251305176,8.14762798445912
8.155082499999999,25480.86328125,81.9205042320735,186.101919600969,8.14749980598643
8.188501944444445,25191.029296875,81.8412886059953,178.432336675398,8.15150667313056
8.221913888888889,25259.458984375,81.9581095909799,185.091760916441,8.15235430772293
8.255337222222222,25352.169921875,81.8266040624637,176.480779077156,8.15329088469128
8.288742777777777,25458.80859375,81.9972561401305,186.842469575518,8.16076756951301
8.322168611111112,25172.572265625,82.0043039401651,180.237949174917,8.15896578442531
8.355580555555555,24977.5390625,82.0410250435532,181.057773696974,8.16232011273912
8.389005555555554,25162.251953125,82.0182520396041,178.908426680628,8.16325197097084
8.422419444444444,25412.94921875,82.0946953520161,182.099721432877,8.16702756890154
8.455877777777777,25218.021484375,82.1018531974214,179.267494317665,8.1690671771468
8.489320555555556,25321.888671875,82.129758103638,179.812803369756,8.17210895305553
8.522728888888889,25253.98046875,82.1677481182254,179.842118437243,8.17398731595573
8.556145555555556,25132.20703125,82.1895215612662,178.975061458488,8.1782465738996
8.5895575,25256.33203125,82.1891328698371,178.09315117689,8.17550429924103
8.622955555555555,25108.173828125,82.0759075297106,174.728654007867,8.17778652139258
8.656363888888889,25173.78125,82.1426391007134,181.242875069463,8.17973395104309
8.68979,24897.943359375,82.2344982957453,181.323830725199,8.18145119986244
8.723190833333334,25362.052734375,82.159872491591,175.420779462849,8.18442092832421
8.75659638888889,25117.6484375,82.297666504475,182.517440728503,8.18995486618717
8.789995555555556,25232.662109375,82.2482871518037,175.541952486345,8.18688107587768
8.823420555555556,25369.974609375,82.1514929380457,174.620828247784,8.19170567031933
8.856827777777779,25275.748046875,82.2717506488228,182.072228863926,8.19217868740216
8.89026111111111,24987.650390625,82.174082168165,174.352431129595,8.1923562884282
8.923683333333333,25016.568359375,82.2723203033097,181.199953132318,8.19376886774603
8.957087222222222,24972.69921875,82.2134786807788,175.522374402786,8.1977139033524
8.990517777777779,25268.890625,82.133209198384,175.457114978155,8.19490689713815
9.023925,24926.62109375,82.2526599690295,182.247554312958,8.19882038305271
9.05733611111111,25010.759765625,82.1892607085502,175.575844254766,8.19896820600384
9.090756666666666,25180.853515625,82.1512629111987,176.973041726016,8.20127866509352
9.124199166666667,25090.384765625,82.2869989980742,182.555467982944,8.20622180471516
9.157622222222223,25086.083984375,82.337041213,178.627245326908,8.2103689946943
9.191063055555555,25080.4609375,82.216187921708,173.02080495294,8.20864818899279
9.22448888888889,24927.794921875,82.2598759330129,179.147028094972,8.2125631668379
9.257905555555554,25432.271484375,82.3359910284968,179.678992287921,8.21323081550949
9.29130388888889,25194.115234375,82.2541515367121,174.195932743149,8.21664917542601
9.32476111111111,25244.119140625,82.2805682205379,178.250061556148,8.21819901869526
9.358176944444445,25073.068359375,82.4018654142088,180.824242034362,8.21637316936428
9.391594444444443,24662.859375,82.2891167926756,172.614662209347,8.21855260941991
9.425027777777778,25154.93359375,82.346769125584,178.836956621121,8.21538593031979
9.458455555555556,25003.8125,82.4262808548879,178.910906009622,8.22252998873996
9.491858333333335,25219.205078125,82.3560754421201,173.640795048618,8.22058376693329
9.525272222222224,25025.509765625,82.296937689558,174.665111826573,8.22427988096583
9.5586825,25065.25390625,82.3048637660311,177.267895167582,8.22983865309406
9.592126944444445,25017.169921875,82.2670107461129,175.822745422808,8.22810385462433
9.625546388888887,24746.28125,82.3337727598584,179.332741297994,8.22505665252658
9.65897611111111,24974.2734375,82.2832292557759,175.149931073891,8.23238288466119
9.692406666666665,24766.14453125,82.3796406348391,180.043622274044,8.22805612205835
9.725810277777779,24785.640625,82.3360695049415,174.896455851784,8.23344770137592
9.759242777777777,24696.2578125,82.4266794758221,179.351426077526,8.23482124429514
9.792655555555555,25054.859375,82.2618254521598,170.817354497971,8.2368474921257
9.826077777777778,24893.359375,82.3792733403455,180.905167868795,8.23601815801674
9.859510277777778,24965.14453125,82.3948608771641,176.67397557479,8.23632744806019
9.892921388888889,25250.328125,82.3211061001651,173.852735946513,8.23887504313985
9.926338888888889,24995.7890625,82.39866203334,179.115613139073,8.24134176582548
9.959763055555555,25138.2265625,82.4108238336905,176.377787269602,8.23900002420431
9.99316861111111,24956.630859375,82.4564366053822,177.257206779902,8.24243703788568
10.026575,24988.349609375,82.3553194287788,172.417098064471,8.24163877172146
10.060031666666667,25062.943359375,82.4173419232976,178.305731599043,8.24392271135435
10.09344361111111,25060.9296875,82.6084068976403,181.544966795748,8.25126868145381
10.126867777777779,25327.451171875,82.5514542797835,172.215876186004,8.24324986124314
10.160292777777777,25190.28125,82.4560523201554,171.624700079267,8.24992292801978
10.193727777777777,24961.853515625,82.4440228452949,175.079688333376,8.25185276461266
10.227152777777778,24797.66796875,82.4995044340881,177.216204040452,8.24879902122871
10.260590833333334,24918.5703125,82.5095064641825,175.304698732381,8.24870321415586
10.294003888888888,24713.03125,82.5776629662146,176.944798944438,8.25325435378683
10.327419444444445,25016.84765625,82.5029727782217,171.99359094228,8.25413931251529
10.360854722222221,25014.00390625,82.5361909405852,175.966195509723,8.25848457539366
10.394274166666667,24931.474609375,82.596965260896,176.456619282565,8.25625755935955
10.42767888888889,24975.37890625,82.6564504332619,175.805798834133,8.26022942028479
10.461098333333332,24948.654296875,82.5746766623794,170.98227597241,8.26003310413047
10.494515,24945.017578125,82.6024745177063,175.085411556139,8.25679628999357
10.527936111111112,25049.98828125,82.6297117238075,174.787318436175,8.25931709187062
10.561351944444445,24944.390625,82.6804478252158,175.224968060665,8.26114508922632
10.59479,25098.166015625,82.6771476924321,173.096719010113,8.26589531259354
10.628232500000001,24839.908203125,82.6115531210841,171.27300110374,8.26272112882282
10.661653888888889,24886.158203125,82.6509968674976,175.06778530838,8.26448435631869
10.695065833333334,25337.9453125,82.7395033548984,176.14002556082,8.26074627913283
10.728499166666667,25246.224609375,82.756530254692,173.112537477349,8.2694760030408
10.761916666666668,25074.400390625,82.7094538997741,171.022411548468,8.2668464762215
10.795320555555556,24870.79296875,82.7259063116967,173.398412413692,8.26677306240792
10.82873611111111,24827.3984375,82.8600421933444,176.755036909036,8.26974375589433
10.862151944444445,24601.93359375,82.8773567365994,171.916642683172,8.2711025126887
10.89557888888889,25154.919921875,82.7979775162737,168.846724330642,8.26910857763048
10.928999166666665,24863.1875,82.8106668001474,172.399913885397,8.27329409146212
10.962418611111111,25111.1875,82.8768450568893,173.868753164973,8.27106444038265
10.995831666666666,25005.77734375,82.8803562003304,171.336884144882,8.27260777426305
11.029259444444445,24988.642578125,82.8348150721793,169.833989219932,8.2753238374035
11.062712222222222,24814.966796875,82.8228040385195,171.293510761062,8.27478863832237
11.096141666666666,25136.84765625,82.9103306707001,174.39538852645,8.27827459930753
11.129563055555556,24844.34765625,82.9793623485249,172.962161814043,8.27889592200405
11.162978888888889,24841.712890625,82.9430163503709,169.121175986277,8.27699187784947
11.196390833333332,24876.451171875,83.0160756413637,172.761481265438,8.2825333435659
11.229808333333333,25378.923828125,82.8786113111126,165.725659093589,8.27911569202669
11.2632325,24808.583984375,83.0529322064314,176.413588788045,8.28502010918456
11.296671388888889,25177.970703125,83.0270990893236,168.695794475276,8.27992852076494
11.3301,25100.916015625,83.1531253290356,173.498983305253,8.28371943613591
11.363525000000001,24853.275390625,83.0614077730554,165.731797934013,8.28299215263145
11.396941666666667,24964.6875,83.0572800377199,169.262089843457,8.28489772874845
11.430358333333334,24753.34765625,83.2212245845127,174.333680219485,8.2820579821167
11.463770555555556,24973.431640625,83.1923605731668,166.926926897527,8.28535972676958
11.497171388888889,24891.232421875,83.1575142736166,167.031006965773,8.28706729461067
11.53058888888889,24802.388671875,83.2156777093003,170.168013906376,8.28802502885734
11.564029722222221,24885.1328125,83.3194828232078,170.934705851191,8.29098562497468
11.59749361111111,24746.8515625,83.217140925276,163.734922730743,8.29242604443544
11.630909444444443,24833.248046875,83.3054823936235,170.472858217719,8.28911876019599
11.664304722222223,24973.8984375,83.4065275153685,169.970878261642,8.29442895388403
11.69772611111111,24781.634765625,83.3983160224853,165.689410477679,8.29420485106435
11.73115,24821.259765625,83.4313089036772,167.005486248794,8.29458865651338
11.764549166666667,25192.97265625,83.4306436715399,165.666993389811,8.29315090967437
11.797977777777778,24998.826171875,83.5311176837892,168.692174948798,8.29825291432217
11.831390833333332,24715.369140625,83.5542843832806,165.383781097101,8.29462098231633
11.864804722222221,25167.478515625,83.5772333189288,165.143967229974,8.29724030831591
11.898269444444443,24953.73828125,83.5957623419635,164.780302430402,8.30187263803851
11.931695555555555,25034.85546875,83.7182520774246,167.713898392202,8.3013912570555
11.965111111111112,25138.2265625,83.6189545422103,159.845889294348,8.29352429098889
11.998551944444444,24915.580078125,83.6855685197126,165.798924890029,8.29863790364518
12.03198888888889,25007.126953125,83.7238827283188,164.29220302572,8.3068224189257
12.06542138888889,24932.1171875,83.7710504113975,164.166372394753,8.29869136782367
12.098876944444445,24683.994140625,83.8307494516474,164.080471547083,8.30150730958652
12.132302777777777,24815.16796875,83.8929112144068,163.552886130607,8.30319872521471
12.165746388888888,24932.1171875,83.8976963473486,161.213594951661,8.3060004480334
12.199155555555555,24716.90625,83.8655729798937,160.059334580119,8.30430090194909
12.232558333333333,24860.869140625,84.0614889327142,167.21149332459,8.30380892140179
12.26599,24953.369140625,84.0225273145948,158.223908889775,8.30576616039919
12.299437222222222,24792.294921875,84.0083226892099,159.348588054506,8.30381556535916
12.332855555555556,24676.884765625,84.1116826477452,163.010391824984,8.31215753907141
12.36628722222222,25024.58203125,84.1568469094503,160.230006172087,8.30916823154498
12.399696388888888,24749.33203125,84.2663673184429,161.717145431397,8.31088659521948
12.433119444444445,25149.078125,84.3841618624016,160.863408109387,8.31104459818501
12.466540833333333,24862.375,84.3153127872874,154.106085068372,8.3121327090114
12.499940833333332,25098.611328125,84.4664989469454,161.382468418385,8.31789221372391
12.533374166666666,25035.5234375,84.4233839966795,154.043128733916,8.31571513385432
12.566790833333334,24719.12890625,84.4593095600277,156.841233997005,8.31222178143739
12.600253888888888,24971.05078125,84.6088166380449,159.871510273695,8.3164226364409
12.633669444444445,24928.904296875,84.462118579414,149.518599186369,8.31785265703547
12.667083333333334,24967.291015625,84.7155499973795,162.932030535368,8.31552241363559
12.70049,24746.90625,84.6308178037237,150.30252636607,8.31664120006004
12.7339075,24896.953125,84.737616212224,156.894004272874,8.32066826842561
12.767332499999998,24751.453125,84.8850357237476,157.034346841952,8.31668519205859
12.800776111111112,24689.3046875,85.0186576606647,155.138193224404,8.32069696098207
12.834184444444444,24661.169921875,84.9230398883849,146.946390404749,8.32164072116897
12.86759,25104.798828125,85.1008413547943,156.092088613101,8.31972360056253
12.901016666666667,24930.7109375,85.1159648276916,149.4427465057,8.31884870167872
12.9344325,25045.16796875,85.0805333476413,147.777411144619,8.32802823257807
12.967835277777779,25091.998046875,85.1511828976886,151.310508434416,8.32462200384514
13.001241666666667,25147.95703125,85.1753268910202,149.210917701678,8.32593680815693
13.034672222222222,24729.86328125,85.1770988526233,148.299655425131,8.32279638008495
13.068112222222222,24621.4140625,85.389449149415,154.588732134273,8.32427296235969
13.101515,24760.880859375,85.3166437337342,143.925858194924,8.32485296307408
13.134927777777778,24880.7890625,85.361650807332,148.17763701617,8.33082263043499
13.168342777777777,24701.59765625,85.5106319988539,150.851647192125,8.33058087568499
13.201768611111111,24811.6953125,85.4936826422473,144.386606826728,8.32997414794603
13.23518611111111,24926.595703125,85.4977997952549,145.186040108545,8.32505967884406
13.268609444444444,24671.18359375,85.7531522933802,152.682585079508,8.33033946729361
13.302025,24769.9765625,85.6808173273942,140.30367207595,8.32644761089727
13.335461111111112,24706.8828125,85.671644601181,142.918261762851,8.3321061427168
13.368867777777778,24847.13671875,85.7610213680954,145.964850944831,8.33164873347135
13.402280555555555,24880.84765625,85.8005585644948,143.573821072607,8.33340802916866
13.435691666666665,24833.134765625,85.8193698413759,142.557448035032,8.33285672622846
13.469119444444445,24808.46484375,85.7996085319137,141.215975364394,8.33336086507883
13.502548333333333,24661.248046875,85.953027337543,146.59984164947,8.32989973872821
13.535969444444444,25009.87109375,85.9299211628056,139.778368089395,8.33547808573706
13.569392777777777,24955.615234375,86.0299990464334,143.69043868087,8.33481457810459
13.602838055555555,24906.29296875,86.1068041004671,142.000006277731,8.3380414911456
13.63626388888889,24835.54296875,86.1462873184342,140.108777284366,8.34151472729504
13.669711111111111,24604.705078125,86.1613399802872,138.988705727824,8.34158405740861
13.703138055555556,24863.4609375,86.1580104214261,138.286959563838,8.33887674809566
13.736559444444445,24797.017578125,86.1345894958024,137.721365303452,8.33962632956933
13.769981666666666,24855.693359375,86.1030347062816,137.70746154805,8.33746662001424
13.803409444444444,24813.07421875,86.2140040588515,142.291181299883,8.34235883982692
13.836827777777778,24888.54296875,86.318661318165,140.980758488179,8.34618363713103
13.870251944444444,25074.728515625,86.4500946661638,140.756391904489,8.34479911039086
13.903675000000002,24846.822265625,86.3622149051096,132.867676767872,8.34253940413637
13.937083333333334,24684.6796875,86.3776089901675,136.838633533547,8.34553382691227
13.970512222222222,24732.908203125,86.2420127611147,132.17292192391,8.34346052247924
14.003938055555556,24890.5234375,86.5141081466392,145.730893007689,8.34667978119983
14.037358333333334,25010.154296875,86.589422201863,137.112444586824,8.34759290561964
14.070775,24885.66796875,86.5875719956003,134.050507475034,8.34589507638801
14.104217777777778,24729.99609375,86.6420932972004,135.757439600579,8.34687490834759
14.137658333333333,24550.998046875,86.5102480502886,129.650459704339,8.34440562357579
14.171077777777777,24756.224609375,86.4609731518406,133.419279265974,8.34345731172658
14.204527777777779,24750.625,86.5029031731072,136.645022160767,8.34768903812907
14.237949166666667,24702.1328125,86.5515779790406,136.422758608871,8.34825135221005
14.271365833333334,24590.388671875,86.5815420078056,135.383142833682,8.34857677413621
14.304773333333333,24417.712890625,86.6625035580851,136.609723044789,8.35509746545275
14.338196388888889,24525.837890625,86.7208327286662,135.113008593126,8.35519668624703
14.37165,24600.88671875,86.6824015034575,131.63874117121,8.34802894007704
14.405061111111111,24393.978515625,86.8103184951028,137.006443912391,8.35655827028745
14.4384825,24774.77734375,86.8334779409153,132.587118655525,8.35158858663369
14.471915,24575.66796875,86.8406102596016,131.879190137884,8.35656385343268
14.5053325,24934.595703125,86.8274572012295,131.199955279143,8.35340624435262
14.538745555555554,24638.505859375,86.9943277782739,136.719735555429,8.35607271452394
14.572161111111111,24589.875,86.8230055744978,124.939183645631,8.36164704747097
14.60556861111111,24625.677734375,86.9728291741823,136.262929328057,8.35754042428005
14.638994444444444,24636.119140625,86.770245316072,124.211009726004,8.35550136974417
14.672413055555555,24597.927734375,86.9116836948476,136.518865601711,8.35832793337763
14.705835277777776,24453.419921875,86.9169333407147,131.040642192051,8.36057837380728
14.739249166666667,24448.44921875,86.9241191233363,131.045723795143,8.35432822712638
14.772681666666667,24674.91015625,86.9385831380631,131.190197885395,8.36052932805345
14.806125000000002,24387.66796875,87.1302358539725,136.361319607343,8.36301174589634
14.839540833333334,24360.8046875,87.1815413001715,130.233033003379,8.36439810685763
14.872966666666667,24730.12890625,86.9799698713629,122.170219195804,8.35967280645977
14.906395555555555,24402.140625,86.9951514921755,130.655663945109,8.35876045899753
14.939826111111111,24770.298828125,87.0612872984865,132.026793047181,8.36128636490415
14.973239999999999,24826.0546875,87.129288710142,131.416549626275,8.36146282454557
15.006671388888888,24630.490234375,87.1260118708101,128.608821187126,8.36369890658018
15.040088055555556,24679.296875,87.0025183723062,125.044324658195,8.36116262765563
15.07350388888889,24524.67578125,87.2135761006478,136.270716960179,8.36427654556259
15.10692888888889,24664.9140625,87.2491839294618,128.932470097767,8.36665580223879
15.140355555555555,24349.162109375,87.2331217322064,127.02741896942,8.36661270407376
15.173767777777778,24519.931640625,87.2811720636722,129.101707999741,8.36610698250901
15.207178888888889,24634.982421875,87.2932636548419,127.551027114391,8.36803597299863
15.240587222222223,24484.599609375,87.2374577251615,125.394747699258,8.36718155927939
15.274015833333333,24560.94140625,87.3726607598277,131.669930846334,8.36394772510869
15.307437222222221,24759.953125,87.2247934411714,121.857426856606,8.36668339023876
15.34084,24447.37890625,87.2713469315029,129.148408201232,8.36595367227043
15.374274999999999,24758.05859375,87.2253618467032,125.911180668512,8.37217151012935
15.4076825,24374.578125,87.3533566417732,131.566784031691,8.36866172995996
15.441107500000001,24384.671875,87.4195273908691,128.451561517556,8.37353856803329
15.4745325,24649.1953125,87.3267803906551,123.029609433728,8.37212068496487
15.507956666666667,24516.69140625,87.4490834198593,130.380462564232,8.37366045494568
15.541377777777777,24618.3359375,87.4952034828878,126.892770270381,8.37469248174298
15.574808333333333,24765.271484375,87.3312263104887,120.141365419693,8.37234816129348
15.608240833333333,24581.7109375,87.4004040538289,128.751219178862,8.38056837725441
15.641662222222221,24516.515625,87.3779500115521,125.322338936635,8.37161816553421
15.67509,24545.865234375,87.4314472516068,127.821097114212,8.37659890117354
15.708517777777777,24738.82421875,87.3092088115124,122.03890282093,8.37221012507904
15.741921388888889,24547.4140625,87.3141510709126,127.056179098894,8.37254193036142
15.775335277777778,24425.060546875,87.5044638449411,132.55806265304,8.3726849275045
15.808762222222223,24694.1875,87.4157221823321,122.310594849698,8.3745542867005
15.842175000000001,24598.05859375,87.5303926110898,129.282883643185,8.37540650552489
15.8755825,24531.322265625,87.4478920655417,122.22305657796,8.37681700849544
15.90900277777778,24714.982421875,87.516853445351,127.584540773891,8.37773148599361
15.942424166666667,24519.810546875,87.5130442074144,124.717747655448,8.37941878918909
15.975831666666666,24464.572265625,87.4560132317361,123.158633561583,8.37583179801359
16.009252777777778,24583.048828125,87.5707775475265,128.87394007696,8.38357095819712
16.042667777777776,24204.755859375,87.5251197098748,122.930322738751,8.3786174109782
16.076084444444444,24586.5859375,87.6755153543666,129.26069447587,8.38326941652838
16.109485277777775,24340.01171875,87.5844406484167,120.5159170429,8.37734007448036
16.142904722222223,24564.05859375,87.5332581984857,122.624070997578,8.37941711371716
16.176322222222222,24384.8984375,87.5929294976082,126.449465950637,8.38087750099081
16.20974361111111,24469.802734375,87.7156432011555,127.749712692877,8.38069555927378
16.243151944444445,24305.25390625,87.588356310088,119.03349759214,8.37801000349513
16.27657888888889,24598.615234375,87.642979603193,125.746270921795,8.37922079565825
16.310008333333332,24480.07421875,87.6727177751257,124.462125201795,8.38705814575218
16.343425,24707.30859375,87.7115388519815,124.434542215398,8.38623647072339
16.37682888888889,24385.904296875,87.5894030021393,119.240858860295,8.3885298889478
16.410260277777777,24657.53515625,87.7665236941675,129.419570096119,8.39148530196293
16.44368611111111,24313.818359375,87.7365985768091,121.439013973214,8.38968717687413
16.477103888888887,24517.513671875,87.7472120991327,122.950492432805,8.38734536983716
16.510516666666668,24737.87109375,87.7267363662378,121.91360774462,8.38353133142576
16.54392777777778,24389.908203125,87.6858563278501,121.507662740616,8.37944425009827
16.577351944444445,24200.505859375,87.7373060291437,124.680726302745,8.38600700367501
16.610769444444443,24286.17578125,87.6614335730896,120.360821420745,8.38548840424201
16.644190000000002,24687.0,87.750813342198,126.065227281204,8.39010309874219
16.6776075,24546.5078125,87.5643430150335,116.911867455567,8.38742920483135
16.711044444444443,24364.697265625,87.8486538039811,132.842395810654,8.38949126819168
16.744466666666668,24435.662109375,87.846326415917,121.44368733154,8.39155664067552
16.77788333333333,24581.36328125,87.8279487086993,120.98677994438,8.38644935340542
16.81129361111111,24705.5,87.7898967130099,120.584810273476,8.38725400088699
16.84471027777778,24506.21875,87.9292176048484,126.280653794485,8.38930439453902
16.878129722222223,24639.720703125,87.9959116235515,122.704203202625,8.39123886010641
16.911544444444445,24375.19921875,87.8716145450344,116.334614484335,8.39104650918777
16.944962222222223,24615.720703125,87.7562270295584,117.822229670969,8.38777992704102
16.978420555555555,24740.591796875,87.7737720856781,122.962717728114,8.39166408045169
17.01182222222222,24580.7421875,87.8328893515622,124.025686250369,8.3907649362231
